-- MySQL dump 10.13  Distrib 8.0.32, for macos13.0 (arm64)
--
-- Host: containers-us-west-166.railway.app    Database: railway
-- ------------------------------------------------------
-- Server version	8.0.32

/*!40101 SET @OLD_CHARACTER_SET_CLIENT=@@CHARACTER_SET_CLIENT */;
/*!40101 SET @OLD_CHARACTER_SET_RESULTS=@@CHARACTER_SET_RESULTS */;
/*!40101 SET @OLD_COLLATION_CONNECTION=@@COLLATION_CONNECTION */;
/*!50503 SET NAMES utf8mb4 */;
/*!40103 SET @OLD_TIME_ZONE=@@TIME_ZONE */;
/*!40103 SET TIME_ZONE='+00:00' */;
/*!40014 SET @OLD_UNIQUE_CHECKS=@@UNIQUE_CHECKS, UNIQUE_CHECKS=0 */;
/*!40014 SET @OLD_FOREIGN_KEY_CHECKS=@@FOREIGN_KEY_CHECKS, FOREIGN_KEY_CHECKS=0 */;
/*!40101 SET @OLD_SQL_MODE=@@SQL_MODE, SQL_MODE='NO_AUTO_VALUE_ON_ZERO' */;
/*!40111 SET @OLD_SQL_NOTES=@@SQL_NOTES, SQL_NOTES=0 */;

--
-- Table structure for table `BipMessages`
--

DROP TABLE IF EXISTS `BipMessages`;
/*!40101 SET @saved_cs_client     = @@character_set_client */;
/*!50503 SET character_set_client = utf8mb4 */;
CREATE TABLE `BipMessages` (
  `id` int NOT NULL AUTO_INCREMENT,
  `channelId` varchar(255) NOT NULL,
  `userId` varchar(255) NOT NULL,
  `message` varchar(255) NOT NULL,
  `createdAt` datetime NOT NULL,
  `updatedAt` datetime NOT NULL,
  PRIMARY KEY (`id`)
) ENGINE=InnoDB AUTO_INCREMENT=139 DEFAULT CHARSET=utf8mb4 COLLATE=utf8mb4_0900_ai_ci;
/*!40101 SET character_set_client = @saved_cs_client */;

--
-- Dumping data for table `BipMessages`
--

LOCK TABLES `BipMessages` WRITE;
/*!40000 ALTER TABLE `BipMessages` DISABLE KEYS */;
INSERT INTO `BipMessages` VALUES (1,'1074428971451678800','1073233322366488646','munch-mind-island-particular','2023-03-31 13:10:37','2023-03-31 13:11:41'),(2,'1073899665633849456','115068087392272391','munch-flow-count-bent','2023-03-31 13:21:32','2023-03-31 19:35:19'),(3,'1073899665633849456','1073233322366488646','munch-here-firm-cookies','2023-03-31 13:22:52','2023-04-14 12:38:57'),(4,'1073899665633849456','988504227674488852','munch-search-funny-kitchen','2023-03-31 13:34:40','2023-04-03 19:51:08'),(5,'1073899665633849456','1016785312128708769','munch-stretch-took-notice','2023-03-31 13:55:38','2023-03-31 13:58:39'),(6,'1073899665633849456','880659344423788554','munch-little-forgotten-voice','2023-03-31 14:49:11','2023-03-31 14:51:41'),(7,'1073899665633849456','809596022522380288','munch-minute-minute-instrument','2023-03-31 14:49:48','2023-03-31 14:49:48'),(8,'1073899665633849456','277128927728762880','munch-fast-keep-powerful','2023-03-31 14:56:14','2023-04-10 10:57:03'),(9,'1073899665633849456','482249989678956563','munch-shorter-stiff-search','2023-03-31 16:23:04','2023-04-07 01:33:44'),(10,'1073899665633849456','168014374760349696','munch-winter-beauty-studying','2023-03-31 21:21:57','2023-03-31 21:21:57'),(11,'1073899665633849456','755498706601771159','munch-physical-active-ants','2023-03-31 22:25:58','2023-03-31 22:25:58'),(12,'1073899665633849456','798284763982725172','munch-day-tall-away','2023-04-01 07:45:44','2023-04-01 07:45:44'),(13,'1073899665633849456','614856498299928583','munch-iron-pond-mighty','2023-04-01 08:25:19','2023-04-01 08:25:19'),(14,'1073899665633849456','513493499820244994','munch-specific-meet-progress','2023-04-01 14:09:21','2023-04-01 14:09:21'),(15,'1073899665633849456','1083448889056706601','munch-men-water-when','2023-04-01 14:51:51','2023-04-14 09:43:30'),(16,'1073899665633849456','372336956396404737','munch-universe-individual-yet','2023-04-01 21:32:44','2023-04-01 21:32:44'),(17,'1073899665633849456','826806801835884564','munch-accident-month-automobile','2023-04-02 10:57:12','2023-04-02 10:57:12'),(18,'1073899665633849456','734499689818226789','munch-death-stepped-both','2023-04-02 13:16:25','2023-04-02 13:16:25'),(19,'1073899665633849456','971614163371712523','munch-widely-found-fought','2023-04-02 15:58:35','2023-04-02 15:59:19'),(20,'1073899665633849456','1023787657316278313','munch-salmon-form-relationship','2023-04-02 16:18:10','2023-04-02 16:18:13'),(21,'1073899665633849456','1089882350466367508','munch-seat-train-interest','2023-04-03 06:14:43','2023-04-03 06:14:43'),(22,'1073899665633849456','751683735333634058','munch-nodded-egg-street','2023-04-03 17:18:47','2023-04-03 17:18:47'),(23,'1073899665633849456','840976498449317909','munch-best-loud-lift','2023-04-03 23:24:36','2023-04-12 21:06:42'),(24,'1073899665633849456','1061697046190489692','munch-service-expect-reader','2023-04-04 07:17:51','2023-04-04 07:17:51'),(25,'1073899665633849456','929678674649825330','munch-noted-important-underline','2023-04-04 16:52:07','2023-04-04 16:52:07'),(26,'1073899665633849456','325362880763527168','munch-be-origin-copper','2023-04-05 14:04:29','2023-04-05 14:04:42'),(27,'1073899665633849456','533663594123100160','munch-giant-meal-terrible','2023-04-05 15:59:07','2023-04-05 15:59:07'),(28,'1073899665633849456','755452665772900463','munch-ring-nearly-full','2023-04-05 18:36:56','2023-04-05 18:36:56'),(29,'1073899665633849456','232168622318026753','munch-previous-sheep-closely','2023-04-05 21:18:20','2023-04-05 21:18:20'),(30,'1073899665633849456','844115191825170452','munch-but-wonder-plus','2023-04-05 23:39:38','2023-04-05 23:39:38'),(31,'1073899665633849456','787866109104881704','munch-morning-dust-ran','2023-04-06 14:49:51','2023-04-06 14:49:51'),(32,'1073899665633849456','586649435396636672','munch-joined-angry-cookies','2023-04-06 15:30:23','2023-04-06 15:30:23'),(33,'1073899665633849456','939951623701135420','munch-duty-brick-doll','2023-04-07 00:06:33','2023-04-07 00:06:33'),(34,'1073899665633849456','1082549169786462229','munch-drawn-mysterious-audience','2023-04-07 02:17:33','2023-04-07 02:17:33'),(35,'1073899665633849456','806676231713062933','munch-bring-only-palace','2023-04-07 05:21:26','2023-04-07 05:21:26'),(36,'1073899665633849456','830639974470254603','munch-mirror-explanation-pond','2023-04-07 13:46:00','2023-04-07 13:46:03'),(37,'1073899665633849456','967626380009406464','munch-similar-station-quickly','2023-04-07 14:19:14','2023-04-07 14:19:14'),(38,'1073899665633849456','404280682303717376','munch-far-longer-similar','2023-04-07 18:14:55','2023-04-07 18:14:55'),(39,'1073899665633849456','929881646092652595','munch-represent-source-load','2023-04-07 20:25:44','2023-04-07 20:25:44'),(40,'1073899665633849456','931612937402089512','munch-mark-spin-garden','2023-04-08 05:43:03','2023-04-08 05:43:03'),(41,'1073899665633849456','966243839864102912','munch-clock-who-joined','2023-04-08 06:22:35','2023-04-08 06:22:35'),(42,'1073899665633849456','841985981296803871','munch-about-tide-primitive','2023-04-08 10:03:49','2023-04-08 10:03:58'),(43,'1073899665633849456','895074507608444988','munch-article-fall-chance','2023-04-08 10:07:02','2023-04-08 10:07:02'),(44,'1073899665633849456','1031947790475075624','munch-or-being-nervous','2023-04-08 14:36:24','2023-04-08 14:36:24'),(45,'1073899665633849456','1089475880100839476','munch-both-moon-cover','2023-04-09 07:34:29','2023-04-09 07:34:29'),(46,'1073899665633849456','917024021520994394','munch-figure-zulu-draw','2023-04-09 10:33:30','2023-04-09 10:33:30'),(47,'1073899665633849456','1016033567060537374','munch-private-driving-sometime','2023-04-09 16:43:51','2023-04-09 16:43:51'),(48,'1073899665633849456','1082552274640977951','munch-stopped-discover-quiet','2023-04-09 22:18:10','2023-04-09 22:18:10'),(49,'1073899665633849456','851244100618813472','munch-spread-passage-held','2023-04-10 19:17:09','2023-04-10 19:17:09'),(50,'1073899665633849456','370381951007326209','munch-snake-am-radio','2023-04-11 05:53:56','2023-04-12 15:20:17'),(51,'1073899665633849456','889973268201758770','munch-afternoon-ordinary-horse','2023-04-11 08:39:50','2023-04-11 08:39:50'),(52,'1073899665633849456','1040741710105428058','munch-from-simplest-gun','2023-04-11 09:25:37','2023-04-11 09:25:37'),(53,'1073899665633849456','841555530349805588','munch-shake-future-clothes','2023-04-11 10:37:20','2023-04-11 10:37:20'),(54,'1073899665633849456','689339270082723863','munch-greatest-adjective-check','2023-04-11 11:12:36','2023-04-11 11:12:36'),(55,'1073899665633849456','832619346693455903','munch-rabbit-largest-boy','2023-04-11 11:50:23','2023-04-11 11:50:23'),(56,'1073899665633849456','903459969414869003','munch-wind-weigh-spent','2023-04-11 12:53:02','2023-04-11 12:53:11'),(57,'1073899665633849456','689666122928357617','munch-trail-group-television','2023-04-11 13:15:39','2023-04-11 13:15:39'),(58,'1073899665633849456','901131644960903219','munch-identity-popular-she','2023-04-11 13:55:42','2023-04-11 13:55:42'),(59,'1073899665633849456','877862525151092757','munch-route-danger-ocean','2023-04-11 14:24:08','2023-04-11 14:24:08'),(60,'1073899665633849456','1088353008934465576','munch-pain-solution-needed','2023-04-11 14:34:00','2023-04-11 14:34:00'),(61,'1073899665633849456','1017949763129311282','munch-adult-some-consist','2023-04-11 15:21:50','2023-04-11 15:21:50'),(62,'1073899665633849456','924288718964158484','munch-piece-science-inch','2023-04-11 15:42:38','2023-04-11 15:42:38'),(63,'1073899665633849456','1088184541396615329','munch-storm-elephant-section','2023-04-11 16:23:33','2023-04-11 16:23:37'),(64,'1073899665633849456','884504573123903488','munch-gas-trail-early','2023-04-11 16:28:50','2023-04-11 16:28:50'),(65,'1073899665633849456','682733623648059481','munch-poor-eventually-needle','2023-04-11 17:00:08','2023-04-11 17:01:23'),(66,'1073899665633849456','398013318557597698','munch-sort-mysterious-typical','2023-04-11 17:13:36','2023-04-11 17:13:36'),(67,'1073899665633849456','758729838076362758','munch-dream-fresh-out','2023-04-11 20:04:25','2023-04-11 20:09:45'),(68,'1073899665633849456','338429314167078912','munch-park-vessels-aside','2023-04-11 20:55:28','2023-04-11 20:55:28'),(69,'1073899665633849456','947588474104594503','munch-he-wonder-myself','2023-04-11 21:41:05','2023-04-11 21:41:05'),(70,'1073899665633849456','968966833090727996','munch-judge-earth-perhaps','2023-04-11 22:03:38','2023-04-11 22:03:38'),(71,'1073899665633849456','908173773105143809','munch-only-fight-store','2023-04-12 07:56:38','2023-04-12 08:24:33'),(72,'1073899665633849456','1033034702262636587','munch-hunter-once-front','2023-04-12 08:52:35','2023-04-12 08:52:35'),(73,'1073899665633849456','901862838107254844','munch-fish-thank-headed','2023-04-12 08:52:39','2023-04-12 08:52:39'),(74,'1073899665633849456','373510003841302529','munch-gave-trail-improve','2023-04-12 09:40:06','2023-04-12 09:40:06'),(75,'1073899665633849456','992010940478406656','munch-private-would-who','2023-04-12 12:38:41','2023-04-12 12:38:41'),(76,'1073899665633849456','898614070121472050','munch-captain-spirit-dirt','2023-04-12 12:45:45','2023-04-17 02:29:09'),(77,'1073899665633849456','815029178843004930','munch-captain-me-tea','2023-04-12 12:48:08','2023-04-14 13:39:08'),(78,'1073899665633849456','874237557574086666','munch-wrote-doll-good','2023-04-12 14:09:38','2023-04-12 14:09:38'),(79,'1073899665633849456','849259067791638580','munch-gently-thy-score','2023-04-12 14:29:35','2023-04-12 14:29:35'),(80,'1073899665633849456','178583413106802688','munch-especially-kept-birthday','2023-04-12 15:07:02','2023-04-12 15:07:41'),(81,'1073899665633849456','1073695769204363388','munch-while-deer-sister','2023-04-12 18:41:51','2023-04-12 18:42:01'),(82,'1073899665633849456','914660215134236713','munch-divide-thumb-indicate','2023-04-12 18:51:10','2023-04-17 05:01:14'),(83,'1073899665633849456','949989917025529906','munch-hung-without-cry','2023-04-12 20:22:45','2023-04-12 20:22:45'),(84,'1073899665633849456','1094863383788011642','munch-tomorrow-brother-needle','2023-04-12 20:23:16','2023-04-12 20:23:32'),(85,'1073899665633849456','907397066593017918','munch-tried-replied-done','2023-04-12 20:24:45','2023-04-12 20:24:45'),(86,'1073899665633849456','851879185945460776','munch-beginning-poet-my','2023-04-12 20:25:45','2023-04-12 20:25:45'),(87,'1073899665633849456','386966207082921984','munch-peace-truck-wherever','2023-04-12 20:28:36','2023-04-12 20:28:36'),(88,'1073899665633849456','915508087006306304','munch-crew-hospital-contain','2023-04-12 20:29:03','2023-04-12 20:45:50'),(89,'1073899665633849456','403634176739508226','munch-leaving-stepped-who','2023-04-12 20:44:00','2023-04-12 20:44:00'),(90,'1073899665633849456','907532129397788713','munch-wide-herself-compass','2023-04-12 20:45:46','2023-04-12 20:45:46'),(91,'1073899665633849456','873554206550810625','munch-crop-largest-finest','2023-04-12 21:39:29','2023-04-12 21:39:29'),(92,'1073899665633849456','875575710071279668','munch-into-leaf-check','2023-04-12 21:51:58','2023-04-12 21:52:39'),(93,'1073899665633849456','706488283474952219','munch-desert-label-live','2023-04-12 21:52:45','2023-04-12 21:52:45'),(94,'1073899665633849456','444049163865554944','munch-key-attack-proud','2023-04-12 21:59:37','2023-04-12 21:59:37'),(95,'1073899665633849456','831469735014039593','munch-enemy-section-quiet','2023-04-12 22:02:06','2023-04-12 22:02:38'),(96,'1073899665633849456','793122018609332235','munch-into-needs-salt','2023-04-12 22:14:48','2023-04-12 22:14:48'),(97,'1073899665633849456','817203402605985823','munch-onto-ate-parent','2023-04-12 22:16:58','2023-04-12 22:16:58'),(98,'1073899665633849456','984799422108041298','munch-capital-basket-supply','2023-04-12 23:45:46','2023-04-12 23:45:46'),(99,'1073899665633849456','974686149815705700','munch-past-experience-laugh','2023-04-12 23:51:56','2023-04-12 23:51:56'),(100,'1073899665633849456','740844077356023879','munch-getting-studying-enemy','2023-04-13 00:41:30','2023-04-13 00:41:30'),(101,'1073899665633849456','884842642842722404','munch-sets-certainly-wrapped','2023-04-13 00:45:24','2023-04-13 00:45:24'),(102,'1073899665633849456','696774273259405423','munch-trade-construction-wild','2023-04-13 01:26:39','2023-04-13 01:28:40'),(103,'1073899665633849456','692390514086903868','munch-what-process-differ','2023-04-13 02:07:16','2023-04-13 02:07:16'),(104,'1073899665633849456','820008007798751242','munch-hat-remove-changing','2023-04-13 02:33:29','2023-04-13 02:33:29'),(105,'1073899665633849456','722841426517295187','munch-soil-plates-largest','2023-04-13 02:57:58','2023-04-13 02:57:58'),(106,'1073899665633849456','786235600042065970','munch-youth-principal-officer','2023-04-13 05:11:11','2023-04-13 05:11:11'),(107,'1073899665633849456','835516187596030002','munch-handle-zipper-chief','2023-04-13 05:57:05','2023-04-13 06:13:45'),(108,'1073899665633849456','900186154014494781','munch-late-load-morning','2023-04-13 06:12:46','2023-04-13 06:23:59'),(109,'1073899665633849456','695182506118348802','munch-golden-clothes-shelter','2023-04-13 06:17:16','2023-04-13 06:17:16'),(110,'1073899665633849456','907882583189225482','munch-now-off-has','2023-04-13 06:19:29','2023-04-13 06:19:29'),(111,'1073899665633849456','897777137988292649','munch-strip-nothing-simply','2023-04-13 06:36:17','2023-04-13 06:37:40'),(112,'1073899665633849456','1066392896422559804','munch-mail-factor-found','2023-04-13 07:05:41','2023-04-13 07:05:41'),(113,'1073899665633849456','968467177353129984','munch-ground-person-will','2023-04-13 09:11:19','2023-04-13 09:11:19'),(114,'1073899665633849456','905339018085023755','munch-heavy-fall-sold','2023-04-13 09:39:51','2023-04-13 09:39:51'),(115,'1073899665633849456','581537276077539358','munch-anybody-bus-favorite','2023-04-13 10:35:19','2023-04-13 10:35:19'),(116,'1073899665633849456','829784439604903949','munch-pretty-blew-seeing','2023-04-13 10:51:13','2023-04-13 10:51:13'),(117,'1073899665633849456','621781939132825626','munch-meet-addition-mail','2023-04-13 11:03:00','2023-04-13 11:03:00'),(118,'1073899665633849456','864823154684592159','munch-belong-rapidly-cage','2023-04-13 13:09:35','2023-04-13 13:10:10'),(119,'1073899665633849456','423550117396742155','munch-cold-frog-facing','2023-04-13 15:39:28','2023-04-13 15:39:28'),(120,'1073899665633849456','1001558461773008936','munch-swing-whose-as','2023-04-13 16:54:36','2023-04-13 16:54:36'),(121,'1073899665633849456','767208677362368522','munch-air-you-judge','2023-04-13 16:59:02','2023-04-13 16:59:02'),(122,'1073899665633849456','1018606833063186472','munch-opposite-jungle-curious','2023-04-13 17:42:18','2023-04-13 17:42:18'),(123,'1073899665633849456','1032041306328928327','munch-stuck-shoulder-atom','2023-04-13 20:08:55','2023-04-13 20:08:55'),(124,'1073899665633849456','781306513968726027','munch-person-gradually-origin','2023-04-14 12:19:23','2023-04-14 12:19:23'),(125,'1073899665633849456','693371730907103242','munch-replied-region-teacher','2023-04-14 12:35:19','2023-04-14 12:35:19'),(126,'1073899665633849456','848488410703593507','munch-fruit-greater-good','2023-04-14 12:45:27','2023-04-14 12:46:37'),(127,'1073899665633849456','983077562420957294','munch-comfortable-frighten-appearance','2023-04-14 16:01:12','2023-04-14 16:01:27'),(128,'1073899665633849456','1096372460137496646','munch-crew-writer-into','2023-04-14 16:05:21','2023-04-14 16:05:21'),(129,'1073899665633849456','451407641361645568','munch-ran-noted-method','2023-04-14 16:27:02','2023-04-14 16:27:02'),(130,'1073899665633849456','1096541386263777310','munch-deal-nest-ago','2023-04-14 21:41:56','2023-04-14 23:07:21'),(131,'1073899665633849456','392150890263478273','munch-sure-silent-equally','2023-04-14 22:35:27','2023-04-14 22:41:06'),(132,'1073899665633849456','393292145186045962','munch-limited-help-kind','2023-04-15 02:32:18','2023-04-15 02:32:18'),(133,'1073899665633849456','1024833727488069732','munch-it-guess-develop','2023-04-15 10:44:19','2023-04-15 10:44:19'),(134,'1073899665633849456','1096741570943926365','munch-front-square-cattle','2023-04-15 12:33:49','2023-04-15 12:38:38'),(135,'1073899665633849456','876480066278789132','munch-limited-collect-eventually','2023-04-16 09:23:58','2023-04-16 09:23:58'),(136,'1073899665633849456','389980445330374656','munch-military-catch-fear','2023-04-16 21:33:04','2023-04-16 23:30:12'),(137,'1073899665633849456','938459688343855125','munch-putting-bowl-chain','2023-04-17 05:46:41','2023-04-17 05:46:41'),(138,'1073899665633849456','860927794740461568','munch-several-research-view','2023-04-17 08:27:58','2023-04-17 08:28:11');
/*!40000 ALTER TABLE `BipMessages` ENABLE KEYS */;
UNLOCK TABLES;

--
-- Table structure for table `Collections`
--

DROP TABLE IF EXISTS `Collections`;
/*!40101 SET @saved_cs_client     = @@character_set_client */;
/*!50503 SET character_set_client = utf8mb4 */;
CREATE TABLE `Collections` (
  `id` int NOT NULL AUTO_INCREMENT,
  `name` varchar(255) NOT NULL,
  `channelId` varchar(255) NOT NULL,
  `role` varchar(255) DEFAULT NULL,
  `deletedAt` datetime DEFAULT NULL,
  `createdAt` datetime NOT NULL,
  `updatedAt` datetime NOT NULL,
  PRIMARY KEY (`id`)
) ENGINE=InnoDB AUTO_INCREMENT=5 DEFAULT CHARSET=utf8mb4 COLLATE=utf8mb4_0900_ai_ci;
/*!40101 SET character_set_client = @saved_cs_client */;

--
-- Dumping data for table `Collections`
--

LOCK TABLES `Collections` WRITE;
/*!40000 ALTER TABLE `Collections` DISABLE KEYS */;
INSERT INTO `Collections` VALUES (1,'blockmunchers','1073899665633849456','Genesis Munchers','2023-03-31 13:25:52','2023-03-31 13:22:28','2023-03-31 13:22:28'),(2,'blockmunchers','1073899665633849456','Genesis Munchers','2023-03-31 13:25:46','2023-03-31 13:25:31','2023-03-31 13:25:31'),(3,'Block Munchers','1073899665633849456','Genesis Munchers',NULL,'2023-03-31 14:26:31','2023-03-31 14:26:31'),(4,'Ordinal Miners','1073899665633849456','Team Munch','2023-04-10 10:15:12','2023-04-10 10:14:53','2023-04-10 10:14:53');
/*!40000 ALTER TABLE `Collections` ENABLE KEYS */;
UNLOCK TABLES;

--
-- Table structure for table `Inscriptions`
--

DROP TABLE IF EXISTS `Inscriptions`;
/*!40101 SET @saved_cs_client     = @@character_set_client */;
/*!50503 SET character_set_client = utf8mb4 */;
CREATE TABLE `Inscriptions` (
  `id` int NOT NULL AUTO_INCREMENT,
  `collectionId` int NOT NULL,
  `inscriptionRef` varchar(255) NOT NULL,
  `createdAt` datetime NOT NULL,
  `updatedAt` datetime NOT NULL,
  PRIMARY KEY (`id`),
  KEY `collectionId` (`collectionId`),
  CONSTRAINT `Inscriptions_ibfk_1` FOREIGN KEY (`collectionId`) REFERENCES `Collections` (`id`) ON DELETE CASCADE ON UPDATE CASCADE
) ENGINE=InnoDB AUTO_INCREMENT=251 DEFAULT CHARSET=utf8mb4 COLLATE=utf8mb4_0900_ai_ci;
/*!40101 SET character_set_client = @saved_cs_client */;

--
-- Dumping data for table `Inscriptions`
--

LOCK TABLES `Inscriptions` WRITE;
/*!40000 ALTER TABLE `Inscriptions` DISABLE KEYS */;
INSERT INTO `Inscriptions` VALUES (1,1,'5d86dd15fd3533215e6abf802540baac871aba39e0f621d708087d65c455db98i0','2023-03-31 13:22:29','2023-03-31 13:22:29'),(2,1,'1c571c6e6cb57b76f029f4cf38fb3aa029ab2bb733d0d4b31a08682357cbfaedi0','2023-03-31 13:22:29','2023-03-31 13:22:29'),(3,1,'4bea5d801a49f66424075f6244d8791b521b3016674156b94b45a567f2e38de4i0','2023-03-31 13:22:29','2023-03-31 13:22:29'),(4,1,'3b319928933c371d1ca3aff7409387b2e2a75d0a84a7c5755801914045fa8bd6i0','2023-03-31 13:22:29','2023-03-31 13:22:29'),(5,1,'45f872141bee4644b67f5ac480f3c3d60349e728d58841d765f63131ee248da0i0','2023-03-31 13:22:29','2023-03-31 13:22:29'),(6,1,'058695b5adb0c99676ab871e0d009ba0fc440b983b33103abda33e663d2f26a8i0','2023-03-31 13:22:29','2023-03-31 13:22:29'),(7,1,'083a92528e82ba7a4d758915c28ffbe3253f69123307f72896b6d172353f8ccfi0','2023-03-31 13:22:29','2023-03-31 13:22:29'),(8,1,'11ceada554dad273d1e7c5375b4657af3a59a770310da17fc4d1f2bfaec6d02bi0','2023-03-31 13:22:29','2023-03-31 13:22:29'),(9,1,'1365fddf176833e05e7d1c7b7770a342890ac1f0d2be2d9f32a815965bb24da8i0','2023-03-31 13:22:29','2023-03-31 13:22:29'),(10,1,'19ad60d7ce64e48580d78421c5bae0f90946abb1ffe35114d147a8ef8776bf36i0','2023-03-31 13:22:29','2023-03-31 13:22:29'),(11,1,'280af693721bb9cd5cc518894894595dca3e91691992517dd32d58fb3b9ce742i0','2023-03-31 13:22:29','2023-03-31 13:22:29'),(12,1,'2d3225d7ed0f28db567a9d7874d2fbb282c109b688259e511780a017f92afca3i0','2023-03-31 13:22:29','2023-03-31 13:22:29'),(13,1,'37bd2c3560d55494fcd149c70e33c394f2d525afcc7af3625199a80dfd23a471i0','2023-03-31 13:22:29','2023-03-31 13:22:29'),(14,1,'3d0d855b0afc263e5ade1e6618f579cd849872768b97cd4bb8680d92096e139bi0','2023-03-31 13:22:29','2023-03-31 13:22:29'),(15,1,'4300e6c302642d97081a20e8ed44c276909bd3812842f16987a5da140118cb3bi0','2023-03-31 13:22:29','2023-03-31 13:22:29'),(16,1,'4923878a27adb118ed4ddd84d0102942488b1d7f3cbd404cfc224c265a1aac9ei0','2023-03-31 13:22:29','2023-03-31 13:22:29'),(17,1,'4c977e2056b1174cd8b766b16891e41d9804caf86a4d30bf9cc320fa943de668i0','2023-03-31 13:22:29','2023-03-31 13:22:29'),(18,1,'51c39ec26001895a8b353ac1a323e05f21bfdce91086f5bfef718ddf9b109cf0i0','2023-03-31 13:22:29','2023-03-31 13:22:29'),(19,1,'5a3b456a9cce728599e36d621a6c705e8196491a627a60acf071347f02b84b85i0','2023-03-31 13:22:29','2023-03-31 13:22:29'),(20,1,'65c40b98b17ae52c24e5e563f5e5590441b02dd266580be9b9940b869291655ci0','2023-03-31 13:22:29','2023-03-31 13:22:29'),(21,1,'6d7842906984f02e445e711bc5fb7714f84b40cb38296c190335208851d206f4i0','2023-03-31 13:22:29','2023-03-31 13:22:29'),(22,1,'722330212c70a8853653a463bf9a5b2ed69c2fb8608c4effaf3046e1eebe0d87i0','2023-03-31 13:22:29','2023-03-31 13:22:29'),(23,1,'795024b6fff9718ae7b350b4941392db9b14bcf333b5871268b9e5c2dcd0aafdi0','2023-03-31 13:22:29','2023-03-31 13:22:29'),(24,1,'7da1b3a6bb2035d607a0c4a8be2e3ababc8c13a3c332b6651159c295cada4fddi0','2023-03-31 13:22:29','2023-03-31 13:22:29'),(25,1,'81a0b04d2487e511befa80512d81e9fcf73f4a97b4e3e7eeca275ca6c3cc78e0i0','2023-03-31 13:22:29','2023-03-31 13:22:29'),(26,1,'83b2529f71dd9e21e9c071f01131ff08cc251c081521bcc5acd654bb6af191e4i0','2023-03-31 13:22:29','2023-03-31 13:22:29'),(27,1,'869b838228bd56ed4d29962336b1d9bec81c9e77b02c505dda25323346b2dc21i0','2023-03-31 13:22:29','2023-03-31 13:22:29'),(28,1,'90f8478578b410f02e4dd158abb9d37a10afc99a6196c6a96439b5b4905d752ei0','2023-03-31 13:22:29','2023-03-31 13:22:29'),(29,1,'987af6319b866f7e4692ab6c6a38ed738e92067f4575f6cfd83cab89c174de03i0','2023-03-31 13:22:29','2023-03-31 13:22:29'),(30,1,'9a1ec8d796799926d2266aa4b20dcf7f2d1fcabd2a573c38c942f2b2972e66eci0','2023-03-31 13:22:29','2023-03-31 13:22:29'),(31,1,'9a37fb5b592379c5475d27eefaa5ffe3994b42f1e2fe8a0791d004da6cccbadei0','2023-03-31 13:22:29','2023-03-31 13:22:29'),(32,1,'a742c283c65e7eb391e39ce9c3f1fc44fee2d0fa2ddbd61b5ffe5db2966922bai0','2023-03-31 13:22:29','2023-03-31 13:22:29'),(33,1,'a8067ca940f02679abcbf18b7ce3dc4a99171930531654033ac4b22ba7850415i0','2023-03-31 13:22:29','2023-03-31 13:22:29'),(34,1,'abc5ebebde13c2e593038f2dbb83efa55c67ed9af575c004667c3d7c78e637f0i0','2023-03-31 13:22:29','2023-03-31 13:22:29'),(35,1,'bab21d44f67d73c34cee615bc46d98a97195b7620a7ed4c92dfdd16f13be50cei0','2023-03-31 13:22:29','2023-03-31 13:22:29'),(36,1,'bbf54ff6e6e6468aee0389056320c5ada22995abd3c36c8962a49f9144a99716i0','2023-03-31 13:22:29','2023-03-31 13:22:29'),(37,1,'bc4a3996e0133e6ae217b90ed0503dfb3da9424abe7d9038986e4a9efa1b16e7i0','2023-03-31 13:22:29','2023-03-31 13:22:29'),(38,1,'c27df4fe9eb4ba48a730f4c0e61057e74f9b2a3b8435aba0bddddd0ae2fc0620i0','2023-03-31 13:22:29','2023-03-31 13:22:29'),(39,1,'c6aa95eef8156b93412eafe06147ce5cca09037c12d84c7df0d1c13569881caci0','2023-03-31 13:22:29','2023-03-31 13:22:29'),(40,1,'c7c25053c4da0c972bb853014944c76bba16dc2e65bee29ffd7c2eacf072627ei0','2023-03-31 13:22:29','2023-03-31 13:22:29'),(41,1,'c95964d46bff3b3401b2fba8ed720010e74c4feca97eedbde64df5319b23d22bi0','2023-03-31 13:22:29','2023-03-31 13:22:29'),(42,1,'cd4f59297ab668f429ad1a2de1966e82cfd6547f08aa85eb5a05996cdbd577b5i0','2023-03-31 13:22:29','2023-03-31 13:22:29'),(43,1,'d222a61eff8fa2e5acfac78190eeccf8352e64f823d290855fe64d960ffeb264i0','2023-03-31 13:22:29','2023-03-31 13:22:29'),(44,1,'d6d039b83d83925d88eeb57027e40860afbd392c0b45f2d237361a3aae96e967i0','2023-03-31 13:22:29','2023-03-31 13:22:29'),(45,1,'d6ed7287ee1d28ac0c69c5dae5c037b0bb0bbc76763e938accfc180d9c9e0558i0','2023-03-31 13:22:29','2023-03-31 13:22:29'),(46,1,'d933a8ec5ea98ddbf49c03416ba73a2ef0695b220831ec0ad3508c576f3b4e0bi0','2023-03-31 13:22:29','2023-03-31 13:22:29'),(47,1,'e07f9ce6d3c5b870aa89303a4623eff391e5b25175ae23fce3d7a1730eb9ac3ai0','2023-03-31 13:22:29','2023-03-31 13:22:29'),(48,1,'ec17bc88279c6225deb68a73b0db7f1d4e8e21922f026062917667947fc67217i0','2023-03-31 13:22:29','2023-03-31 13:22:29'),(49,1,'f95e7b61ec908f05ce2786079a3c7d2d1d1927b8076cf60273fceab6f956e890i0','2023-03-31 13:22:29','2023-03-31 13:22:29'),(50,1,'fd682b9fcd6fb1450656dcb9220bab18821f3833707ef7225b827f14b56c5fc9i0','2023-03-31 13:22:29','2023-03-31 13:22:29'),(51,2,'5d86dd15fd3533215e6abf802540baac871aba39e0f621d708087d65c455db98i0','2023-03-31 13:25:33','2023-03-31 13:25:33'),(52,2,'1c571c6e6cb57b76f029f4cf38fb3aa029ab2bb733d0d4b31a08682357cbfaedi0','2023-03-31 13:25:33','2023-03-31 13:25:33'),(53,2,'4bea5d801a49f66424075f6244d8791b521b3016674156b94b45a567f2e38de4i0','2023-03-31 13:25:33','2023-03-31 13:25:33'),(54,2,'3b319928933c371d1ca3aff7409387b2e2a75d0a84a7c5755801914045fa8bd6i0','2023-03-31 13:25:33','2023-03-31 13:25:33'),(55,2,'45f872141bee4644b67f5ac480f3c3d60349e728d58841d765f63131ee248da0i0','2023-03-31 13:25:33','2023-03-31 13:25:33'),(56,2,'058695b5adb0c99676ab871e0d009ba0fc440b983b33103abda33e663d2f26a8i0','2023-03-31 13:25:33','2023-03-31 13:25:33'),(57,2,'083a92528e82ba7a4d758915c28ffbe3253f69123307f72896b6d172353f8ccfi0','2023-03-31 13:25:33','2023-03-31 13:25:33'),(58,2,'11ceada554dad273d1e7c5375b4657af3a59a770310da17fc4d1f2bfaec6d02bi0','2023-03-31 13:25:33','2023-03-31 13:25:33'),(59,2,'1365fddf176833e05e7d1c7b7770a342890ac1f0d2be2d9f32a815965bb24da8i0','2023-03-31 13:25:33','2023-03-31 13:25:33'),(60,2,'19ad60d7ce64e48580d78421c5bae0f90946abb1ffe35114d147a8ef8776bf36i0','2023-03-31 13:25:33','2023-03-31 13:25:33'),(61,2,'280af693721bb9cd5cc518894894595dca3e91691992517dd32d58fb3b9ce742i0','2023-03-31 13:25:33','2023-03-31 13:25:33'),(62,2,'2d3225d7ed0f28db567a9d7874d2fbb282c109b688259e511780a017f92afca3i0','2023-03-31 13:25:33','2023-03-31 13:25:33'),(63,2,'37bd2c3560d55494fcd149c70e33c394f2d525afcc7af3625199a80dfd23a471i0','2023-03-31 13:25:33','2023-03-31 13:25:33'),(64,2,'3d0d855b0afc263e5ade1e6618f579cd849872768b97cd4bb8680d92096e139bi0','2023-03-31 13:25:33','2023-03-31 13:25:33'),(65,2,'4300e6c302642d97081a20e8ed44c276909bd3812842f16987a5da140118cb3bi0','2023-03-31 13:25:33','2023-03-31 13:25:33'),(66,2,'4923878a27adb118ed4ddd84d0102942488b1d7f3cbd404cfc224c265a1aac9ei0','2023-03-31 13:25:33','2023-03-31 13:25:33'),(67,2,'4c977e2056b1174cd8b766b16891e41d9804caf86a4d30bf9cc320fa943de668i0','2023-03-31 13:25:33','2023-03-31 13:25:33'),(68,2,'51c39ec26001895a8b353ac1a323e05f21bfdce91086f5bfef718ddf9b109cf0i0','2023-03-31 13:25:33','2023-03-31 13:25:33'),(69,2,'5a3b456a9cce728599e36d621a6c705e8196491a627a60acf071347f02b84b85i0','2023-03-31 13:25:33','2023-03-31 13:25:33'),(70,2,'65c40b98b17ae52c24e5e563f5e5590441b02dd266580be9b9940b869291655ci0','2023-03-31 13:25:33','2023-03-31 13:25:33'),(71,2,'6d7842906984f02e445e711bc5fb7714f84b40cb38296c190335208851d206f4i0','2023-03-31 13:25:33','2023-03-31 13:25:33'),(72,2,'722330212c70a8853653a463bf9a5b2ed69c2fb8608c4effaf3046e1eebe0d87i0','2023-03-31 13:25:33','2023-03-31 13:25:33'),(73,2,'795024b6fff9718ae7b350b4941392db9b14bcf333b5871268b9e5c2dcd0aafdi0','2023-03-31 13:25:33','2023-03-31 13:25:33'),(74,2,'7da1b3a6bb2035d607a0c4a8be2e3ababc8c13a3c332b6651159c295cada4fddi0','2023-03-31 13:25:33','2023-03-31 13:25:33'),(75,2,'81a0b04d2487e511befa80512d81e9fcf73f4a97b4e3e7eeca275ca6c3cc78e0i0','2023-03-31 13:25:33','2023-03-31 13:25:33'),(76,2,'83b2529f71dd9e21e9c071f01131ff08cc251c081521bcc5acd654bb6af191e4i0','2023-03-31 13:25:33','2023-03-31 13:25:33'),(77,2,'869b838228bd56ed4d29962336b1d9bec81c9e77b02c505dda25323346b2dc21i0','2023-03-31 13:25:33','2023-03-31 13:25:33'),(78,2,'90f8478578b410f02e4dd158abb9d37a10afc99a6196c6a96439b5b4905d752ei0','2023-03-31 13:25:33','2023-03-31 13:25:33'),(79,2,'987af6319b866f7e4692ab6c6a38ed738e92067f4575f6cfd83cab89c174de03i0','2023-03-31 13:25:33','2023-03-31 13:25:33'),(80,2,'9a1ec8d796799926d2266aa4b20dcf7f2d1fcabd2a573c38c942f2b2972e66eci0','2023-03-31 13:25:33','2023-03-31 13:25:33'),(81,2,'9a37fb5b592379c5475d27eefaa5ffe3994b42f1e2fe8a0791d004da6cccbadei0','2023-03-31 13:25:33','2023-03-31 13:25:33'),(82,2,'a742c283c65e7eb391e39ce9c3f1fc44fee2d0fa2ddbd61b5ffe5db2966922bai0','2023-03-31 13:25:33','2023-03-31 13:25:33'),(83,2,'a8067ca940f02679abcbf18b7ce3dc4a99171930531654033ac4b22ba7850415i0','2023-03-31 13:25:33','2023-03-31 13:25:33'),(84,2,'abc5ebebde13c2e593038f2dbb83efa55c67ed9af575c004667c3d7c78e637f0i0','2023-03-31 13:25:33','2023-03-31 13:25:33'),(85,2,'bab21d44f67d73c34cee615bc46d98a97195b7620a7ed4c92dfdd16f13be50cei0','2023-03-31 13:25:33','2023-03-31 13:25:33'),(86,2,'bbf54ff6e6e6468aee0389056320c5ada22995abd3c36c8962a49f9144a99716i0','2023-03-31 13:25:33','2023-03-31 13:25:33'),(87,2,'bc4a3996e0133e6ae217b90ed0503dfb3da9424abe7d9038986e4a9efa1b16e7i0','2023-03-31 13:25:33','2023-03-31 13:25:33'),(88,2,'c27df4fe9eb4ba48a730f4c0e61057e74f9b2a3b8435aba0bddddd0ae2fc0620i0','2023-03-31 13:25:33','2023-03-31 13:25:33'),(89,2,'c6aa95eef8156b93412eafe06147ce5cca09037c12d84c7df0d1c13569881caci0','2023-03-31 13:25:33','2023-03-31 13:25:33'),(90,2,'c7c25053c4da0c972bb853014944c76bba16dc2e65bee29ffd7c2eacf072627ei0','2023-03-31 13:25:33','2023-03-31 13:25:33'),(91,2,'c95964d46bff3b3401b2fba8ed720010e74c4feca97eedbde64df5319b23d22bi0','2023-03-31 13:25:33','2023-03-31 13:25:33'),(92,2,'cd4f59297ab668f429ad1a2de1966e82cfd6547f08aa85eb5a05996cdbd577b5i0','2023-03-31 13:25:33','2023-03-31 13:25:33'),(93,2,'d222a61eff8fa2e5acfac78190eeccf8352e64f823d290855fe64d960ffeb264i0','2023-03-31 13:25:33','2023-03-31 13:25:33'),(94,2,'d6d039b83d83925d88eeb57027e40860afbd392c0b45f2d237361a3aae96e967i0','2023-03-31 13:25:33','2023-03-31 13:25:33'),(95,2,'d6ed7287ee1d28ac0c69c5dae5c037b0bb0bbc76763e938accfc180d9c9e0558i0','2023-03-31 13:25:33','2023-03-31 13:25:33'),(96,2,'d933a8ec5ea98ddbf49c03416ba73a2ef0695b220831ec0ad3508c576f3b4e0bi0','2023-03-31 13:25:33','2023-03-31 13:25:33'),(97,2,'e07f9ce6d3c5b870aa89303a4623eff391e5b25175ae23fce3d7a1730eb9ac3ai0','2023-03-31 13:25:33','2023-03-31 13:25:33'),(98,2,'ec17bc88279c6225deb68a73b0db7f1d4e8e21922f026062917667947fc67217i0','2023-03-31 13:25:33','2023-03-31 13:25:33'),(99,2,'f95e7b61ec908f05ce2786079a3c7d2d1d1927b8076cf60273fceab6f956e890i0','2023-03-31 13:25:33','2023-03-31 13:25:33'),(100,2,'fd682b9fcd6fb1450656dcb9220bab18821f3833707ef7225b827f14b56c5fc9i0','2023-03-31 13:25:33','2023-03-31 13:25:33'),(101,3,'5d86dd15fd3533215e6abf802540baac871aba39e0f621d708087d65c455db98i0','2023-03-31 13:26:33','2023-03-31 13:26:33'),(102,3,'1c571c6e6cb57b76f029f4cf38fb3aa029ab2bb733d0d4b31a08682357cbfaedi0','2023-03-31 13:26:33','2023-03-31 13:26:33'),(103,3,'4bea5d801a49f66424075f6244d8791b521b3016674156b94b45a567f2e38de4i0','2023-03-31 13:26:33','2023-03-31 13:26:33'),(104,3,'3b319928933c371d1ca3aff7409387b2e2a75d0a84a7c5755801914045fa8bd6i0','2023-03-31 13:26:33','2023-03-31 13:26:33'),(105,3,'45f872141bee4644b67f5ac480f3c3d60349e728d58841d765f63131ee248da0i0','2023-03-31 13:26:33','2023-03-31 13:26:33'),(106,3,'058695b5adb0c99676ab871e0d009ba0fc440b983b33103abda33e663d2f26a8i0','2023-03-31 13:26:33','2023-03-31 13:26:33'),(107,3,'083a92528e82ba7a4d758915c28ffbe3253f69123307f72896b6d172353f8ccfi0','2023-03-31 13:26:33','2023-03-31 13:26:33'),(108,3,'11ceada554dad273d1e7c5375b4657af3a59a770310da17fc4d1f2bfaec6d02bi0','2023-03-31 13:26:33','2023-03-31 13:26:33'),(109,3,'1365fddf176833e05e7d1c7b7770a342890ac1f0d2be2d9f32a815965bb24da8i0','2023-03-31 13:26:33','2023-03-31 13:26:33'),(110,3,'19ad60d7ce64e48580d78421c5bae0f90946abb1ffe35114d147a8ef8776bf36i0','2023-03-31 13:26:33','2023-03-31 13:26:33'),(111,3,'280af693721bb9cd5cc518894894595dca3e91691992517dd32d58fb3b9ce742i0','2023-03-31 13:26:33','2023-03-31 13:26:33'),(112,3,'2d3225d7ed0f28db567a9d7874d2fbb282c109b688259e511780a017f92afca3i0','2023-03-31 13:26:33','2023-03-31 13:26:33'),(113,3,'37bd2c3560d55494fcd149c70e33c394f2d525afcc7af3625199a80dfd23a471i0','2023-03-31 13:26:33','2023-03-31 13:26:33'),(114,3,'3d0d855b0afc263e5ade1e6618f579cd849872768b97cd4bb8680d92096e139bi0','2023-03-31 13:26:33','2023-03-31 13:26:33'),(115,3,'4300e6c302642d97081a20e8ed44c276909bd3812842f16987a5da140118cb3bi0','2023-03-31 13:26:33','2023-03-31 13:26:33'),(116,3,'4923878a27adb118ed4ddd84d0102942488b1d7f3cbd404cfc224c265a1aac9ei0','2023-03-31 13:26:33','2023-03-31 13:26:33'),(117,3,'4c977e2056b1174cd8b766b16891e41d9804caf86a4d30bf9cc320fa943de668i0','2023-03-31 13:26:33','2023-03-31 13:26:33'),(118,3,'51c39ec26001895a8b353ac1a323e05f21bfdce91086f5bfef718ddf9b109cf0i0','2023-03-31 13:26:33','2023-03-31 13:26:33'),(119,3,'5a3b456a9cce728599e36d621a6c705e8196491a627a60acf071347f02b84b85i0','2023-03-31 13:26:33','2023-03-31 13:26:33'),(120,3,'65c40b98b17ae52c24e5e563f5e5590441b02dd266580be9b9940b869291655ci0','2023-03-31 13:26:33','2023-03-31 13:26:33'),(121,3,'6d7842906984f02e445e711bc5fb7714f84b40cb38296c190335208851d206f4i0','2023-03-31 13:26:33','2023-03-31 13:26:33'),(122,3,'722330212c70a8853653a463bf9a5b2ed69c2fb8608c4effaf3046e1eebe0d87i0','2023-03-31 13:26:33','2023-03-31 13:26:33'),(123,3,'795024b6fff9718ae7b350b4941392db9b14bcf333b5871268b9e5c2dcd0aafdi0','2023-03-31 13:26:33','2023-03-31 13:26:33'),(124,3,'7da1b3a6bb2035d607a0c4a8be2e3ababc8c13a3c332b6651159c295cada4fddi0','2023-03-31 13:26:33','2023-03-31 13:26:33'),(125,3,'81a0b04d2487e511befa80512d81e9fcf73f4a97b4e3e7eeca275ca6c3cc78e0i0','2023-03-31 13:26:33','2023-03-31 13:26:33'),(126,3,'83b2529f71dd9e21e9c071f01131ff08cc251c081521bcc5acd654bb6af191e4i0','2023-03-31 13:26:33','2023-03-31 13:26:33'),(127,3,'869b838228bd56ed4d29962336b1d9bec81c9e77b02c505dda25323346b2dc21i0','2023-03-31 13:26:33','2023-03-31 13:26:33'),(128,3,'90f8478578b410f02e4dd158abb9d37a10afc99a6196c6a96439b5b4905d752ei0','2023-03-31 13:26:33','2023-03-31 13:26:33'),(129,3,'987af6319b866f7e4692ab6c6a38ed738e92067f4575f6cfd83cab89c174de03i0','2023-03-31 13:26:33','2023-03-31 13:26:33'),(130,3,'9a1ec8d796799926d2266aa4b20dcf7f2d1fcabd2a573c38c942f2b2972e66eci0','2023-03-31 13:26:33','2023-03-31 13:26:33'),(131,3,'9a37fb5b592379c5475d27eefaa5ffe3994b42f1e2fe8a0791d004da6cccbadei0','2023-03-31 13:26:33','2023-03-31 13:26:33'),(132,3,'a742c283c65e7eb391e39ce9c3f1fc44fee2d0fa2ddbd61b5ffe5db2966922bai0','2023-03-31 13:26:33','2023-03-31 13:26:33'),(133,3,'a8067ca940f02679abcbf18b7ce3dc4a99171930531654033ac4b22ba7850415i0','2023-03-31 13:26:33','2023-03-31 13:26:33'),(134,3,'abc5ebebde13c2e593038f2dbb83efa55c67ed9af575c004667c3d7c78e637f0i0','2023-03-31 13:26:33','2023-03-31 13:26:33'),(135,3,'bab21d44f67d73c34cee615bc46d98a97195b7620a7ed4c92dfdd16f13be50cei0','2023-03-31 13:26:33','2023-03-31 13:26:33'),(136,3,'bbf54ff6e6e6468aee0389056320c5ada22995abd3c36c8962a49f9144a99716i0','2023-03-31 13:26:33','2023-03-31 13:26:33'),(137,3,'bc4a3996e0133e6ae217b90ed0503dfb3da9424abe7d9038986e4a9efa1b16e7i0','2023-03-31 13:26:33','2023-03-31 13:26:33'),(138,3,'c27df4fe9eb4ba48a730f4c0e61057e74f9b2a3b8435aba0bddddd0ae2fc0620i0','2023-03-31 13:26:33','2023-03-31 13:26:33'),(139,3,'c6aa95eef8156b93412eafe06147ce5cca09037c12d84c7df0d1c13569881caci0','2023-03-31 13:26:33','2023-03-31 13:26:33'),(140,3,'c7c25053c4da0c972bb853014944c76bba16dc2e65bee29ffd7c2eacf072627ei0','2023-03-31 13:26:33','2023-03-31 13:26:33'),(141,3,'c95964d46bff3b3401b2fba8ed720010e74c4feca97eedbde64df5319b23d22bi0','2023-03-31 13:26:33','2023-03-31 13:26:33'),(142,3,'cd4f59297ab668f429ad1a2de1966e82cfd6547f08aa85eb5a05996cdbd577b5i0','2023-03-31 13:26:33','2023-03-31 13:26:33'),(143,3,'d222a61eff8fa2e5acfac78190eeccf8352e64f823d290855fe64d960ffeb264i0','2023-03-31 13:26:33','2023-03-31 13:26:33'),(144,3,'d6d039b83d83925d88eeb57027e40860afbd392c0b45f2d237361a3aae96e967i0','2023-03-31 13:26:33','2023-03-31 13:26:33'),(145,3,'d6ed7287ee1d28ac0c69c5dae5c037b0bb0bbc76763e938accfc180d9c9e0558i0','2023-03-31 13:26:33','2023-03-31 13:26:33'),(146,3,'d933a8ec5ea98ddbf49c03416ba73a2ef0695b220831ec0ad3508c576f3b4e0bi0','2023-03-31 13:26:33','2023-03-31 13:26:33'),(147,3,'e07f9ce6d3c5b870aa89303a4623eff391e5b25175ae23fce3d7a1730eb9ac3ai0','2023-03-31 13:26:33','2023-03-31 13:26:33'),(148,3,'ec17bc88279c6225deb68a73b0db7f1d4e8e21922f026062917667947fc67217i0','2023-03-31 13:26:33','2023-03-31 13:26:33'),(149,3,'f95e7b61ec908f05ce2786079a3c7d2d1d1927b8076cf60273fceab6f956e890i0','2023-03-31 13:26:33','2023-03-31 13:26:33'),(150,3,'fd682b9fcd6fb1450656dcb9220bab18821f3833707ef7225b827f14b56c5fc9i0','2023-03-31 13:26:33','2023-03-31 13:26:33'),(151,4,'044c0b4907025e7b48b6763f6d5ff2f703f821ee6494dda4ecc580224c4b6682i0','2023-04-10 10:14:54','2023-04-10 10:14:54'),(152,4,'052e03691866e534383f04a249a5259ec31242d9de9c9a2d1ff2d83fb773fadci0','2023-04-10 10:14:54','2023-04-10 10:14:54'),(153,4,'077f024a4d0f6632861850b47d5618cb071c7850486232c3837d91d7707b6ec8i0','2023-04-10 10:14:54','2023-04-10 10:14:54'),(154,4,'0b64b8e77f54d7d76378a98bd1a09fff65b62621079af6dad2364d7ff21a76e1i0','2023-04-10 10:14:54','2023-04-10 10:14:54'),(155,4,'123954688f8373a4013c50abe4e0710660c2ffcaed2ff89f20fed8a27f7cd659i0','2023-04-10 10:14:54','2023-04-10 10:14:54'),(156,4,'1379f7f1cadb0f93f4bf1e76c176f68cf5abed0d2e86929f8d2f1d837c4fda78i0','2023-04-10 10:14:54','2023-04-10 10:14:54'),(157,4,'13b2e440de976fb1ff80055a0b7c4f6661ec3431be07e040b07d94f71dc1be7ei0','2023-04-10 10:14:54','2023-04-10 10:14:54'),(158,4,'1565fb1a0e7d349a4901b89c7aee193a1e0904aedc85216ba4ef6625cc79d55ei0','2023-04-10 10:14:54','2023-04-10 10:14:54'),(159,4,'1694f0f687469fdec0f39610dccd566100a330a3c24c1882c0c64c61af918e8fi0','2023-04-10 10:14:54','2023-04-10 10:14:54'),(160,4,'16d7bc6d0547f252ed926dd37b190e121480b89c83e3d1877877012589848462i0','2023-04-10 10:14:54','2023-04-10 10:14:54'),(161,4,'17af231420e6e1b422007bef396e43406814ccd09a75d29f769fd6866d8fa71fi0','2023-04-10 10:14:54','2023-04-10 10:14:54'),(162,4,'19528690e03280b34b7dbe40111d3b165d5ce59534bf970f94ffb93d3610d575i0','2023-04-10 10:14:54','2023-04-10 10:14:54'),(163,4,'19714e54df6573065a84c5a08eacaa65d143b28b030875ea6b9edd046190c8d1i0','2023-04-10 10:14:54','2023-04-10 10:14:54'),(164,4,'1acbe5c57846144d8fafcaf366f989c237ce7bf62c81beb7561c12b797e6b1d2i0','2023-04-10 10:14:54','2023-04-10 10:14:54'),(165,4,'1b56cffa726d5c5675a252dd80ce7fb00020e717e2d8c84ef4776df4528940eai0','2023-04-10 10:14:54','2023-04-10 10:14:54'),(166,4,'1f1d53113997b0f162689864dbb8fdfe666c85718fd96f8cc5d3a6c10d3b7374i0','2023-04-10 10:14:54','2023-04-10 10:14:54'),(167,4,'207b192d9d7683a7193b7de7e5cb1621b5db8de66ca6707ab4bd24e4c7c9d039i0','2023-04-10 10:14:54','2023-04-10 10:14:54'),(168,4,'2239a2026e34e3407bb195bfc9041dfc11f81de28f5aa384502f092118129928i0','2023-04-10 10:14:54','2023-04-10 10:14:54'),(169,4,'232e9330af6e22fdcae2a99d075cf28ed907f712417c433ac95ef7f9aa8bba2fi0','2023-04-10 10:14:54','2023-04-10 10:14:54'),(170,4,'295f8423e720a8e4856772ee99d812acd897a6bd300668218be06230a6049dc0i0','2023-04-10 10:14:54','2023-04-10 10:14:54'),(171,4,'2b3e4008a331c64d5fa9813d7091d20d047ae7ccf20e3cbfe622680dab9588d1i0','2023-04-10 10:14:54','2023-04-10 10:14:54'),(172,4,'30a66df3bce13f86717e5509af58a8d7ac7ceb0b024b1d16cc07d4325914764ei0','2023-04-10 10:14:54','2023-04-10 10:14:54'),(173,4,'31ccaee176df822c7ba57c49565ddeb4b7717f6bddfd52b4e8dc3f850bbead74i0','2023-04-10 10:14:54','2023-04-10 10:14:54'),(174,4,'34933fe25f50b525302529ebd19b2412ef30f059b8c8c9f849ec6dfc091834e2i0','2023-04-10 10:14:54','2023-04-10 10:14:54'),(175,4,'34ffafccaabc3f6f79e704df3038fe0596b470b06c3c10de0278779d08791d4ai0','2023-04-10 10:14:54','2023-04-10 10:14:54'),(176,4,'35a64ecbb430761bc0bd97ee934cbf19fa41dd582baf431c6b8536108d973e1fi0','2023-04-10 10:14:54','2023-04-10 10:14:54'),(177,4,'360b27fb725c4aad79572baea24a5df7bd07e1cf537ae819ff1ca628a4a96b6ei0','2023-04-10 10:14:54','2023-04-10 10:14:54'),(178,4,'371a2e2263b8c690cb61a5cf2d78f3c018aa1ac0d8b48d7ddcdd298323a26520i0','2023-04-10 10:14:54','2023-04-10 10:14:54'),(179,4,'378aa4c50638b8176315b3c379e03e69b9b191c14d44cb58f10cc3b775280463i0','2023-04-10 10:14:54','2023-04-10 10:14:54'),(180,4,'37e78a3f14a8af137939532f8e52cf0300b665d5e0838aff5789230679557dc9i0','2023-04-10 10:14:54','2023-04-10 10:14:54'),(181,4,'38f5be8865c3517308a98ee51f50aeb45a1f7759c50fab0a44cc050a21961a48i0','2023-04-10 10:14:54','2023-04-10 10:14:54'),(182,4,'39eff4bf174b36cf82f1df71783a9125466c0de39e74fb94aa9bbbcb2a852662i0','2023-04-10 10:14:54','2023-04-10 10:14:54'),(183,4,'3e23ccd2dfa2c116476cd61c2889d0e690728f5644b20a07dce7896d3c8922bdi0','2023-04-10 10:14:54','2023-04-10 10:14:54'),(184,4,'408eb7a8c5b8e2ee7b1e5ea8445a1ebb02a31582c5d40b63e9f2c31b2f097d12i0','2023-04-10 10:14:54','2023-04-10 10:14:54'),(185,4,'4b04dd6acd26932d5de9514cb1a81795c4de037d96121584b17b446f62510b9ai0','2023-04-10 10:14:54','2023-04-10 10:14:54'),(186,4,'4b14de8c0e6fba26e7402db2cbe00af8a440d824566f8130d521d396f195ad98i0','2023-04-10 10:14:54','2023-04-10 10:14:54'),(187,4,'4d9bf3866a002961c51c20e684803ce4432be39c70c0a9024582e1c1ae8535f5i0','2023-04-10 10:14:54','2023-04-10 10:14:54'),(188,4,'50f887a5e66cc1011186dfa8c96ea30b1d854204553d06e47cb220efa48edda3i0','2023-04-10 10:14:54','2023-04-10 10:14:54'),(189,4,'5240e56a8c2027a219a0b826769a662e6cc8e38936b671918038986cd5a7c8e8i0','2023-04-10 10:14:54','2023-04-10 10:14:54'),(190,4,'53beb25c17737ed3b34b4be1a84509da98f6b0d3e08808952e7c2a9e9d3c6850i0','2023-04-10 10:14:54','2023-04-10 10:14:54'),(191,4,'5504e8bab552b154c3a279595211f16c91075b8acae89712ba7bb83c5c1437aei0','2023-04-10 10:14:54','2023-04-10 10:14:54'),(192,4,'58c03b3e1e435d20fb843b5d4c12032be26ba1df51519aa4801e5481d712821ci0','2023-04-10 10:14:54','2023-04-10 10:14:54'),(193,4,'5c3d8c9a06ee2abd978e493dde65a8fede03005ba9386535d15fdd47dc5ce97di0','2023-04-10 10:14:54','2023-04-10 10:14:54'),(194,4,'5cb4c16db0011c30c2eca4f0b7d25dd8dfc31f4c4f25f14951bfc69ff398d640i0','2023-04-10 10:14:54','2023-04-10 10:14:54'),(195,4,'662bdbd1bc82994fdc519ded2acd59ff9c926c2d12466ceb110d96adbe97dec9i0','2023-04-10 10:14:54','2023-04-10 10:14:54'),(196,4,'666181f3441b3535d9a2e2d1b407cd2c5f848b6225d555ec5f9775261ef565f5i0','2023-04-10 10:14:54','2023-04-10 10:14:54'),(197,4,'674f66836bdf4925e436fd3942509ee55e3fb1b99399c92b67813cc18bedf0c9i0','2023-04-10 10:14:54','2023-04-10 10:14:54'),(198,4,'6a1b909bdf528b89c258f750b1cba97292cbc47fc814bdfdf6284f7b1a67f4fbi0','2023-04-10 10:14:54','2023-04-10 10:14:54'),(199,4,'6c6cf1e82adba1e8409947de239127cbfbe7c34112e8f58d6327f7ce42c14ae9i0','2023-04-10 10:14:54','2023-04-10 10:14:54'),(200,4,'788636ed4e187d61df91d26e00ee38a800be222c8168d9420bc0d7e327ca30c7i0','2023-04-10 10:14:54','2023-04-10 10:14:54'),(201,4,'78afb16f3a6e51f8f2bf91b2237f2ad4bc458aff46bac262a0208c05a7284fedi0','2023-04-10 10:14:54','2023-04-10 10:14:54'),(202,4,'7bdafc3bbd0dab40f3294c36e0d4c86a9a935a9d1775e2a0764abbae9cbbe6d6i0','2023-04-10 10:14:54','2023-04-10 10:14:54'),(203,4,'7ce935a03247146056832b06c399e4a74add398279516ebd44aba22bb6dc5c59i0','2023-04-10 10:14:54','2023-04-10 10:14:54'),(204,4,'84587f653b42701978ec914bd80dd760a52f0883bd8fb8c5ea3ac9024ed9c27fi0','2023-04-10 10:14:54','2023-04-10 10:14:54'),(205,4,'84f5a0473dc40f5d2dac3be13741a4e9fc6e57a4644efbe2805c17eaeb0cee2ai0','2023-04-10 10:14:54','2023-04-10 10:14:54'),(206,4,'8562194301f5aae160d2c759a51f25f460a710e64fafa173203bc03813080206i0','2023-04-10 10:14:54','2023-04-10 10:14:54'),(207,4,'89ce0c0b4f3c3c867a45d4d6a9fd1b713266c28dc05ce01fbe0048d42606f171i0','2023-04-10 10:14:54','2023-04-10 10:14:54'),(208,4,'9185b110545ac5c39ae123e81308d38adbcc599c193208597e2bfeb742085f4bi0','2023-04-10 10:14:54','2023-04-10 10:14:54'),(209,4,'94eb462ac69a73b2c2313141b3533d1650676fab9c3f4771157576b38fb96ce0i0','2023-04-10 10:14:54','2023-04-10 10:14:54'),(210,4,'95c52c8a70bb0b936693554fe0886a0b21a3c1b0c2ec9199b0345b9e623e8c0di0','2023-04-10 10:14:54','2023-04-10 10:14:54'),(211,4,'95dfc552c339ad44663951379d0b24d1c456a5e5dcef53da3bf7943092524201i0','2023-04-10 10:14:54','2023-04-10 10:14:54'),(212,4,'97418e2f78b1e80b2d3d9a3c2f175da80876fa56f5aa8d9a082cb08d149e1da2i0','2023-04-10 10:14:54','2023-04-10 10:14:54'),(213,4,'9bd6536b178ca50d34969488e1b116bbee735f93fcf1d7c5a426d39d591bdbbei0','2023-04-10 10:14:54','2023-04-10 10:14:54'),(214,4,'9d00b5fff8615c463ea0d11f24ac980e8b841eea0e277808ab83097e5fb15fa3i0','2023-04-10 10:14:54','2023-04-10 10:14:54'),(215,4,'a0a2a887840bc2e6bca34ea21f4d1f6352ad97028316e16a3ec5c49ce1dc896ei0','2023-04-10 10:14:54','2023-04-10 10:14:54'),(216,4,'a2ce9e6292769ac1210ee4ec7b0be6ac0651c336481c7786576211db473a385fi0','2023-04-10 10:14:54','2023-04-10 10:14:54'),(217,4,'a4fe5ba08a7c47ecef817eb7fc0f499448ed960639b40c33fe7ac952ffc4b89ei0','2023-04-10 10:14:54','2023-04-10 10:14:54'),(218,4,'a8c2307f5c0381f3c601d23d39161c478da8ee4f1ab8882b3de12ff04760e53di0','2023-04-10 10:14:54','2023-04-10 10:14:54'),(219,4,'a961104c6e50d31ef1b5abc7f095a589198909d711833e81714eebb0161f5276i0','2023-04-10 10:14:54','2023-04-10 10:14:54'),(220,4,'ad0d8bc9945e881b1d4438d55f0f2993fabdfe29b65c5c4e01b40c8d51df4563i0','2023-04-10 10:14:54','2023-04-10 10:14:54'),(221,4,'ba0205cfa6c45368e860df5fde7715760358403ab9b32031fda5ee3e3a943789i0','2023-04-10 10:14:54','2023-04-10 10:14:54'),(222,4,'bfc2ce5453fdddb789c41603015b2e6e9e169ca223796e95c888976e19036525i0','2023-04-10 10:14:54','2023-04-10 10:14:54'),(223,4,'c0ae2d9e9dd2b0e268e7d7c7d452ebe6f6fb9eef05f17972324cf5a8d48c017ci0','2023-04-10 10:14:54','2023-04-10 10:14:54'),(224,4,'c26d728efc3972f3f8f62c319e72a9bf346b58b1ecdf51a4f10ff9a639f95e88i0','2023-04-10 10:14:54','2023-04-10 10:14:54'),(225,4,'c2c3fdaf0d113120ed856463cee4e211e4416af6dafef0f05d2046d0318230a8i0','2023-04-10 10:14:54','2023-04-10 10:14:54'),(226,4,'c366a43f98a8b98744ec36abf1c37b5a9328092696a4fd746c85ea9c6c83025ai0','2023-04-10 10:14:54','2023-04-10 10:14:54'),(227,4,'c44d8f3a52f27d33f941baa45ba85f59cceb5cec27c81e032c86f231e23bfd91i0','2023-04-10 10:14:54','2023-04-10 10:14:54'),(228,4,'c952bd2649daeac7bb76acdc8f80b001724f6c18a250c0f400081a80accb77d7i0','2023-04-10 10:14:54','2023-04-10 10:14:54'),(229,4,'ce937f5d814c4dc122942d597a141b7f9e9bbda1f5c8914954622d0b242e887bi0','2023-04-10 10:14:54','2023-04-10 10:14:54'),(230,4,'d6d16f2f39f364431d38d316b6fa0ff5dab49949e88b4186b0cdbc5f229f3b9ei0','2023-04-10 10:14:54','2023-04-10 10:14:54'),(231,4,'d77f71496e9e04ae29e9cbe03cce39fca89de99ba42bff9746229ac35fb1ae7fi0','2023-04-10 10:14:54','2023-04-10 10:14:54'),(232,4,'da5e2b4c6b56bfce2d000accf7b5e08df8ab502ac622075169830f2fd65e740fi0','2023-04-10 10:14:54','2023-04-10 10:14:54'),(233,4,'dbdf365d6fe98dc0fef35973e8e217f1cd8d414987cf4b10b9eebc110c64b3e0i0','2023-04-10 10:14:54','2023-04-10 10:14:54'),(234,4,'de8da48acd2376271cd9e793bb3403c3009d6bbfe67070a7b3d0482d8632c43ci0','2023-04-10 10:14:54','2023-04-10 10:14:54'),(235,4,'df6a7f591fbeccdc203401b406628261e3d058751e577fa61e6ad53b7fc1c5a6i0','2023-04-10 10:14:54','2023-04-10 10:14:54'),(236,4,'dfa5ca059bf2502d00f3ce663000792cb913f37c457a185cc5ab35810aaf0e13i0','2023-04-10 10:14:54','2023-04-10 10:14:54'),(237,4,'e368cecc8b68e579447fb1c8a8f5cabbea610197c553f4fdae7a7f2ac2376491i0','2023-04-10 10:14:54','2023-04-10 10:14:54'),(238,4,'e4e638c11363bd4b5e57099b418f03f3bad8fd3402c675c8db2e10566a94efc2i0','2023-04-10 10:14:54','2023-04-10 10:14:54'),(239,4,'e68c750e388ae56f5a310aef4f87eed2ea13bb120f2345412ad58d725c7613fai0','2023-04-10 10:14:54','2023-04-10 10:14:54'),(240,4,'e949eed4e6b8159436b442925232bb9dfe1b2eae465b8563b603018a12bb7099i0','2023-04-10 10:14:54','2023-04-10 10:14:54'),(241,4,'e9b83484091b9274dd0277a5865ba7d01dd90f0b1157bfaafed6f9a18f98bd07i0','2023-04-10 10:14:54','2023-04-10 10:14:54'),(242,4,'eb64281fbc24ec6df13292f5f44fbc28d1cf1a2e26187b415dc4e04217340115i0','2023-04-10 10:14:54','2023-04-10 10:14:54'),(243,4,'ede1485042ea8a61ff8661c4ad12c6fcdefb88b20d711ce9e3582d0a3b894ebdi0','2023-04-10 10:14:54','2023-04-10 10:14:54'),(244,4,'ef46b609bbbd9747cb4a7fa04c29b5ef9f98fdc42b905a14559211491e43be15i0','2023-04-10 10:14:54','2023-04-10 10:14:54'),(245,4,'f2e38c89d0b77964702879a5237d138ffbd3b85052272fc81b3b9ded620412cdi0','2023-04-10 10:14:54','2023-04-10 10:14:54'),(246,4,'f3ab5e1e1b3090e18780184cd3156f6d7741e6abfa69c645679c4edd80a833b7i0','2023-04-10 10:14:54','2023-04-10 10:14:54'),(247,4,'f9ba35166e983165f52303923ff9d0a1cf120f9c67f15681becc4df7273165b1i0','2023-04-10 10:14:54','2023-04-10 10:14:54'),(248,4,'f9ec4d239232c9d910e36f52a98cd1233d3cd7bf8993fa023cea6b825d0b327fi0','2023-04-10 10:14:54','2023-04-10 10:14:54'),(249,4,'fe12b85aca8e92b2e9fafc7af4925d778e37b02a7e5b0b6dd0c1610dfb942f76i0','2023-04-10 10:14:54','2023-04-10 10:14:54'),(250,4,'ff792229c2a85540dd2612a7d3be42c5ed263a2c7f9c46b65006f9d49a183e1ci0','2023-04-10 10:14:54','2023-04-10 10:14:54');
/*!40000 ALTER TABLE `Inscriptions` ENABLE KEYS */;
UNLOCK TABLES;

--
-- Table structure for table `ManageChannels`
--

DROP TABLE IF EXISTS `ManageChannels`;
/*!40101 SET @saved_cs_client     = @@character_set_client */;
/*!50503 SET character_set_client = utf8mb4 */;
CREATE TABLE `ManageChannels` (
  `id` int NOT NULL AUTO_INCREMENT,
  `channelId` varchar(255) NOT NULL,
  `createdAt` datetime NOT NULL,
  `updatedAt` datetime NOT NULL,
  PRIMARY KEY (`id`),
  UNIQUE KEY `channelId` (`channelId`)
) ENGINE=InnoDB AUTO_INCREMENT=9 DEFAULT CHARSET=utf8mb4 COLLATE=utf8mb4_0900_ai_ci;
/*!40101 SET character_set_client = @saved_cs_client */;

--
-- Dumping data for table `ManageChannels`
--

LOCK TABLES `ManageChannels` WRITE;
/*!40000 ALTER TABLE `ManageChannels` DISABLE KEYS */;
INSERT INTO `ManageChannels` VALUES (8,'1073899665633849456','2023-03-31 13:26:23','2023-03-31 13:26:23');
/*!40000 ALTER TABLE `ManageChannels` ENABLE KEYS */;
UNLOCK TABLES;

--
-- Table structure for table `UserInscriptions`
--

DROP TABLE IF EXISTS `UserInscriptions`;
/*!40101 SET @saved_cs_client     = @@character_set_client */;
/*!50503 SET character_set_client = utf8mb4 */;
CREATE TABLE `UserInscriptions` (
  `id` int NOT NULL AUTO_INCREMENT,
  `userId` varchar(255) NOT NULL,
  `inscriptionId` int NOT NULL,
  `createdAt` datetime NOT NULL,
  `updatedAt` datetime NOT NULL,
  PRIMARY KEY (`id`),
  KEY `inscriptionId` (`inscriptionId`),
  CONSTRAINT `UserInscriptions_ibfk_1` FOREIGN KEY (`inscriptionId`) REFERENCES `Inscriptions` (`id`) ON DELETE CASCADE ON UPDATE CASCADE
) ENGINE=InnoDB AUTO_INCREMENT=3 DEFAULT CHARSET=utf8mb4 COLLATE=utf8mb4_0900_ai_ci;
/*!40101 SET character_set_client = @saved_cs_client */;

--
-- Dumping data for table `UserInscriptions`
--

LOCK TABLES `UserInscriptions` WRITE;
/*!40000 ALTER TABLE `UserInscriptions` DISABLE KEYS */;
INSERT INTO `UserInscriptions` VALUES (1,'482249989678956563',106,'2023-03-31 19:31:59','2023-03-31 19:31:59'),(2,'614856498299928583',150,'2023-04-01 08:26:45','2023-04-01 08:26:45');
/*!40000 ALTER TABLE `UserInscriptions` ENABLE KEYS */;
UNLOCK TABLES;
/*!40103 SET TIME_ZONE=@OLD_TIME_ZONE */;

/*!40101 SET SQL_MODE=@OLD_SQL_MODE */;
/*!40014 SET FOREIGN_KEY_CHECKS=@OLD_FOREIGN_KEY_CHECKS */;
/*!40014 SET UNIQUE_CHECKS=@OLD_UNIQUE_CHECKS */;
/*!40101 SET CHARACTER_SET_CLIENT=@OLD_CHARACTER_SET_CLIENT */;
/*!40101 SET CHARACTER_SET_RESULTS=@OLD_CHARACTER_SET_RESULTS */;
/*!40101 SET COLLATION_CONNECTION=@OLD_COLLATION_CONNECTION */;
/*!40111 SET SQL_NOTES=@OLD_SQL_NOTES */;

-- Dump completed on 2023-04-17  9:50:18
